{
    "1stlug_off": {
        "t": 0.8871310867300384
    },
    "2ndlug_off": {
        "t": 0.9277499738390353
    },
    "MECO": {
        "t": 20.002125297551054
    },
    "apogee": {
        "t": 36.50134000289616
    },
    "drogue": {
        "t": 37.572224892984146
    },
    "para": {
        "t": 174.0691701489237
    },
    "landing": {
        "t": 210.1275115979232
    },
    "MaxQ": {
        "Q": 67912.60811252156,
        "t": 19.98999999999964,
        "p": 68114.27212732563,
        "T": 276.32518343651003,
        "mach": 1.1934579578753168
    },
    "MaxMach": {
        "Q": 67912.60811252156,
        "t": 19.98999999999964,
        "p": 68114.27212732563,
        "T": 276.32518343651003,
        "mach": 1.1934579578753168
    },
    "MaxV": {
        "Q": 67912.60811252156,
        "t": 19.98999999999964,
        "p": 68114.27212732563,
        "T": 276.32518343651003,
        "speed": 397.7734446858006,
        "mach": 1.1934579578753168
    }
}