{
    "1stlug_off": {
        "t": 0.8871310867300384,
        "x": [
            0.8862876539909655,
            -1.5350952468333736,
            10.052774118061151
        ],
        "v": [
            23.029355473546097,
            0.0,
            0.0
        ],
        "q": [
            0.6634139481689384,
            -0.3213938048432696,
            -0.5566703992264193,
            -0.383022221559489
        ],
        "omega": [
            0.0,
            0.0,
            0.0
        ]
    },
    "2ndlug_off": {
        "t": 0.9277499738390353,
        "x": [
            0.9735582086833008,
            -1.6838902857459424,
            10.994001996879687
        ],
        "v": [
            24.08597772376858,
            0.0,
            0.0
        ],
        "q": [
            0.6652096673868241,
            -0.32059282601776146,
            -0.5545967607957637,
            -0.3835867202372931
        ],
        "omega": [
            2.885352708675162e-07,
            0.07881553808353699,
            0.015152548597858011
        ]
    },
    "MECO": {
        "t": 20.002125297551054,
        "x": [
            23.947738949455985,
            -3274.0566970150057,
            3337.373136689715
        ],
        "v": [
            397.7337833314451,
            10.715196340079453,
            3.7238956052305734
        ],
        "q": [
            0.6955466522760205,
            -0.032994593140729216,
            -0.3733721795523029,
            -0.6129595656610548
        ],
        "omega": [
            -0.0004437791885630208,
            0.01711281743756622,
            -0.009956261734938238
        ]
    },
    "apogee": {
        "t": 36.50134000289616,
        "x": [
            1315.2736632475574,
            -5131.2546734598545,
            0.0005589962584440206
        ],
        "v": [
            -4.806868600207563,
            -1.653129972407414,
            -8.573026894461306
        ],
        "q": [
            0.6699149213495699,
            0.17878658091623767,
            -0.1804002609070164,
            -0.6976425336300138
        ],
        "omega": [
            -0.0004439258428043989,
            0.044590216002372736,
            -0.025205959927024593
        ]
    },
    "drogue": {
        "t": 37.572224892984146,
        "x": [
            6.81376494236018,
            -7203.425837847191,
            4887.5157656082665
        ],
        "v": [
            175.4690476742055,
            5.988380770814043,
            -4.478246939453556
        ],
        "q": [
            0.6646264491580252,
            0.19753597871807144,
            -0.1618720377894322,
            -0.7021742417874737
        ],
        "omega": [
            -0.00044392584280437416,
            0.04468354564157675,
            -0.02525338289244571
        ]
    },
    "para": {
        "t": 174.0691701489237,
        "x": [
            1087.9825456516019,
            -5524.785955132023,
            284.67659731505705
        ],
        "v": [
            -12.419530391502446,
            -9.140123358785626,
            -31.2455655641609
        ],
        "q": [
            0.6654170471330548,
            0.19484714320584454,
            -0.16454514492024963,
            -0.701555159391534
        ],
        "omega": [
            -0.0004439258428043989,
            0.044590216002372736,
            -0.025205959927024593
        ]
    },
    "landing": {
        "t": 210.1275115979232,
        "x": [
            1315.2738819112958,
            -5131.254294907351,
            -3.0746400812530416e-05
        ],
        "v": [
            -4.806390286322766,
            -1.6532818121300648,
            -8.57277509821028
        ],
        "q": [
            0.6654170471330548,
            0.19484714320584454,
            -0.16454514492024963,
            -0.701555159391534
        ],
        "omega": [
            -0.0004439258428043989,
            0.044590216002372736,
            -0.025205959927024593
        ]
    },
    "MaxQ": {
        "Q": 67912.60811252156,
        "t": 19.98999999999964,
        "p": 68114.27212732563,
        "T": 276.32518343651003,
        "mach": 1.1934579578753168
    },
    "MaxMach": {
        "Q": 67912.60811252156,
        "t": 19.98999999999964,
        "p": 68114.27212732563,
        "T": 276.32518343651003,
        "mach": 1.1934579578753168
    },
    "MaxV": {
        "Q": 67912.60811252156,
        "t": 19.98999999999964,
        "p": 68114.27212732563,
        "T": 276.32518343651003,
        "speed": 397.7734446858006,
        "mach": 1.1934579578753168
    }
}